authorID,authorName,authorOrcid
NA0427,NA NA,NA
NA9225,NA NA,NA
abrahao1837,Ana Flavia S. Abrahao,https://orcid.org/0000-0002-0479-1837
accardo7437,Antonella Accardo,NA
acevedo1030,Cristian A. Acevedo,NA
achirimbi8505,Elma Achirimbi,NA
adler-abramovich0625,Lihi Adler-Abramovich,https://orcid.org/0000-0003-3433-0625
afrin4128,Sadia Afrin,NA
agun7923,Ilknur Agun,NA
ahmad2768,Syed Sayeed Ahmad,https://orcid.org/0000-0002-2829-2768
ahmad8445,Khurshid Ahmad,https://orcid.org/0000-0002-1095-8445
ahn9701,Seungkuk Ahn,NA
aisala2785,Heikki Aisala,NA
akazawa3364,Chihiro Akazawa,NA
akazawa3373,Chihiro Akazawa,NA
akcali6126,Kamil Can Akcali,NA
akiyama6294,Yoshikatsu Akiyama,https://orcid.org/0000-0002-4918-6294
alarcón0246,Silverio Alarcón,NA
albrecht7992,Franziska B. Albrecht,NA
alcântara7206,Erika Gabriele Alves Alcântara,NA
ali4840,Junaid Ali,NA
ali5086,Shahid Ali,https://orcid.org/0000-0002-4724-5086
alkhalawi9757,Eman AlKhalawi,NA
allan1037,Scott J. Allan,NA
allan3791,Scott J. Allan,NA
alvarez5344,Mario M. Alvarez,https://orcid.org/0000-0002-9131-5344
alvaro2937,Carlo Alvaro,https://orcid.org/0000-0003-3714-2937
alver1898,Charles G. Alver,NA
amato0764,Mario Amato,NA
amirvaresi8109,Arian Amirvaresi,NA
amirvaresi9305,Arian Amirvaresi,NA
amzallag1538,Emmanuel Amzallag,NA
anderson0642,Joanna E. Anderson,NA
anderson1005,Joanna E. Anderson,NA
andrade8886,Luciana de Oliveira Andrade,NA
andreassen6509,R. Christel Andreassen,NA
andrews4938,John Andrews,https://orcid.org/0000-0002-8369-4938
anomaly0121,Jonny Anomaly,https://orcid.org/0000-0001-5485-0121
ansel8326,Joshua C. Ansel,NA
antipina5772,Maria N. Antipina,https://orcid.org/0000-0001-8535-5772
antoniak2094,Marcin Antoniak,NA
antonioli2503,Federico Antonioli,NA
appiani9600,Marta Appiani,https://orcid.org/0000-0002-3838-9600
arora1660,Rashmit S. Arora,NA
asahi6763,Toru Asahi,NA
asahi9214,Toru Asahi,NA
asher4492,Kathryn E. Asher,NA
asher5689,Kathryn E. Asher,NA
ashizawa4438,Reina Ashizawa,NA
asioli8450,Daniele Asioli,https://orcid.org/0000-0003-2274-8450
attwood6048,Sophie Attwood,NA
auephanwiriyakul3800,Sansanee Auephanwiriyakul,NA
avegnon5003,Kossi Loic M. Avegnon,NA
avinoam0027,Ori Avinoam,NA
ayyash6230,M. Ayyash,NA
baar5174,Keith Baar,NA
baar8055,Keith Baar,NA
bae4999,Hojae Bae,https://orcid.org/0000-0003-3057-4999
bae6727,Hojae Bae,NA
bai2800,Junfei Bai,NA
bai7156,Junfei Bai,NA
baier4759,Stefan Baier,NA
baipaywad9324,Phornsawat Baipaywad,NA
bajželj8588,Bojana Bajželj,NA
balcarová0076,Tereza Balcarová,https://orcid.org/0000-0003-0263-0076
banavar4381,Amiti Banavar,NA
bang9877,Geul Bang,https://orcid.org/0000-0002-8762-9877
bar0168,Daniel Z. Bar,NA
barrick0603,Brigid M. Barrick,NA
barrick4321,Brigid M. Barrick,NA
baruch4021,Limor Baruch,NA
bassey1997,Anthony Pius Bassey,NA
bastian5957,Susan E.P. Bastian,NA
batarseh2810,Feras A. Batarseh,NA
batrinou5929,Anthimia Batrinou,NA
baum2623,Chad M. Baum,NA
baum3844,Chad M. Baum,NA
baybars7284,Miray Baybars,NA
bedke2042,Andrew M. Bedke,NA
bekker8134,Gerben A. Bekker,NA
bekker8972,Gerben A. Bekker,NA
bektas6304,Cemile Bektas,https://orcid.org/0000-0003-1565-6304
benavente6433,Diego Benavente,NA
bhatia0122,Mohit Bhatia,NA
bhatia9420,Mohit Bhatia,https://orcid.org/0009-0009-8577-389X
biedendieck4179,Rebekka Biedendieck,NA
biermacher9083,Jon T. Biermacher,https://orcid.org/0000-0002-6992-9083
biltekoff3883,Charlotte Biltekoff,NA
bitcover1214,R. Bitcover,NA
blackstone7950,Nicole Tichenor Blackstone,NA
blaeser5596,Andreas Blaeser,NA
blake8996,John Blake,https://orcid.org/0000-0003-0617-8996
blasco6221,Gordon Blasco,NA
block0814,David E. Block,NA
block6641,David Block,https://orcid.org/0000-0003-1582-6641
block6641,David E. Block,https://orcid.org/0000-0003-1582-6641
boccardo8474,Andrea Boccardo,https://orcid.org/0000-0002-6813-8474
boereboom2044,Anouk Boereboom,NA
bogueva5504,Diana Bogueva,NA
bokwa7191,Krzysztof Bokwa,NA
bonny6207,Sarah P. F. Bonny,NA
boom5744,Remko M. Boom,NA
borges7689,João Augusto Rossi Borges,https://orcid.org/0000-0002-2580-051X
borning8475,Jenny Borning,NA
bravo-almonacid2611,Fernando Félix Bravo-Almonacid,NA
brent8629,Daniel A. Brent,https://orcid.org/0000-0002-7088-8629
britt1576,Daniel T. Britt,NA
broad1862,Garrett M. Broad,https://orcid.org/0000-0001-5217-1862
broad9294,Garrett Broad,NA
brookes9475,Oliver Brookes,NA
brorsen4347,B. Wade Brorsen,NA
brouwer2848,Ingeborg A. Brouwer,NA
browning3237,Heather Browning,NA
brune9857,Sarah E. Brune,NA
bryant0969,Christopher J. Bryant,NA
bryant1671,Christopher Bryant,NA
bryant3287,Christopher Bryant,NA
bryant4805,Christopher Bryant,NA
bryant6130,Christopher Bryant,NA
bryant7290,Christopher J. Bryant,NA
bröring7278,Stefanie Bröring,NA
budnik4241,Nicolás Budnik,NA
budwong9471,Apiwat Budwong,NA
burgat2372,Florence Burgat,NA
böhm9286,Inge Böhm,NA
cabral0035,Joaquim M.S. Cabral,NA
cabral8734,Alexandre Cabral,NA
cai1143,Peiran Cai,NA
camargos7575,Juliana Sofia Fonseca Camargos,NA
cameron-smith6626,David Cameron-Smith,NA
cannon1265,Kevin M. Cannon,NA
cao4231,Suying Cao,NA
caputo7608,Vincenzina Caputo,NA
cardoso5039,Adauto Lima Cardoso,https://orcid.org/0000-0002-7287-5039
carlsson5026,Fredrik Carlsson,NA
carmo5327,Ana Carolina Correia do Carmo,NA
castelletto0162,Valeria Castelletto,https://orcid.org/0000-0002-3705-0162
castle9800,Nora Castle,NA
celebi-birand7375,Dilan Celebi-Birand,NA
cera3024,Luca Cera,NA
cerjak4364,Marija Cerjak,https://orcid.org/0000-0003-0696-4364
cha7827,Hyung Joon Cha,https://orcid.org/0000-0003-4640-189X
chang2473,Huibin Chang,NA
chantre9070,Christophe O. Chantre,NA
charron8817,Patrick N. Charron,https://orcid.org/0000-0002-8483-8817
che4480,Jing Che,NA
chen0104,Tong Chen,NA
chen0127,Chengpu Chen,NA
chen0480,Ying Chen,NA
chen1519,Ziying Chen,NA
chen1596,Yawen Chen,NA
chen2437,Wei Chen,https://orcid.org/0000-0002-2373-2437
chen2803,Ziyang Chen,NA
chen3433,Minxuan Chen,NA
chen3717,Xinze Chen,NA
chen3968,Chia-Hung Chen,https://orcid.org/0000-0001-5097-3968
chen4320,Jian Chen,NA
chen5170,Qihe Chen,NA
chen5190,Juhui Chen,NA
chen6038,Yichun Chen,NA
chen6448,Tianzhi Chen,https://orcid.org/0000-0002-2481-6448
chen6595,Yu Chen,NA
chen7031,Jian Chen,NA
chen7674,Kathleen K. Chen,https://orcid.org/0000-0003-2279-7674
chen8449,Jian Chen,NA
chen9219,Xingyu Chen,NA
chew6769,Lamony J.M. Chew,https://orcid.org/0000-0001-9697-6769
chia0235,Airu Chia,https://orcid.org/0000-0003-1694-0235
chigi0332,Yuta Chigi,NA
chiles6265,Robert M. Chiles,NA
chiles8347,Robert M. Chiles,NA
chin2227,Sze Khen Chin,https://orcid.org/0000-0003-1685-2227
chng6791,Valerie J.Y. Chng,https://orcid.org/0000-0003-1043-6791
cho2556,Sung Chun Cho,NA
cho7890,Seong-Jun Cho,NA
choi0410,Jung-Seok Choi,https://orcid.org/0000-0001-8033-0410
choi0410,Jungseok Choi,https://orcid.org/0000-0001-8033-0410
choi0920,Yun-Sang Choi,NA
choi1098,Nayoung Choi,https://orcid.org/0000-0002-4782-1098
choi3197,Seong-Ho Choi,NA
choi3406,Seong-Ho Choi,NA
choi3808,Kyeong Hun Choi,NA
choi4680,Bumgyu Choi,https://orcid.org/0000-0002-2188-4680
choi4888,Moonhyun Choi,NA
choi4930,Seong Ho Choi,NA
choi5651,Bumgyu Choi,NA
choi5811,Soon Mo Choi,https://orcid.org/0000-0002-2685-5811
choi5994,Inho Choi,https://orcid.org/0000-0002-0884-5994
choi6237,Yun-Sang Choi,https://orcid.org/0000-0001-8060-6237
choi6976,Jung Seok Choi,NA
choi7387,Yae Rim Choi,https://orcid.org/0009-0002-4968-7387
choi7413,Kwang-Hwan Choi,https://orcid.org/0000-0003-3919-7413
choi8392,Jungseok Choi,NA
choi8836,Woojin Choi,https://orcid.org/0000-0002-5886-8836
choi8851,Inho Choi,NA
choi9310,Hyun Woo Choi,NA
choi9536,Youn-Hee Choi,NA
choi9767,Inho Choi,NA
choi9785,Hyunwoo Choi,NA
chong2651,Mary F.-F. Chong,NA
chong8107,Mark Chong,https://orcid.org/0000-0002-1666-8107
chong8384,Mark Chong,NA
choudhury1346,Deepak Choudhury,https://orcid.org/0000-0001-9609-1346
choueiki1895,Ziad Choueiki,NA
choy8924,Kelene K.L. Choy,https://orcid.org/0000-0002-9721-8924
chriki1361,Sghaier Chriki,NA
chriki1409,Sghaier Chriki,NA
chriki1722,Sghaier Chriki,NA
chriki3737,Sghaier Chriki,NA
chriki9222,Sghaier Chriki,NA
chun2398,Hee-Jin Chun,NA
chun4975,Song-Yi Chun,NA
chung6635,Cheryl Chung,https://orcid.org/0000-0002-1273-6635
cinnamon8585,Y. Cinnamon,NA
circus3469,Victoria Emma Circus,NA
clark0951,Harry Clark,NA
climaco4749,João Pedro Silva Climaco,https://orcid.org/0000-0001-6894-409X
coetzee2589,Petra Coetzee,NA
cohen0499,M. Cohen,https://orcid.org/0000-0001-7802-0499
collins2971,William Collins,https://orcid.org/0000-0001-5712-2971
copola6051,Aline Gonçalves Lio Copola,NA
corradini7722,Annafrancesca Corradini,NA
cortes-araya2427,Yennifer Cortes-Araya,NA
cosenza2523,Zachary Cosenza,NA
costello1090,Christopher Costello,NA
cotta0092,Tiago Cotta,NA
cottrell7503,Richard S. Cottrell,https://orcid.org/0000-0002-6499-7503
coucke3931,Nicky Coucke,NA
cowan0305,Chad A. Cowan,NA
cowie8745,Annette L. Cowie,https://orcid.org/0000-0002-3858-959X
crawshaw9106,Chloe Crawshaw,https://orcid.org/0009-0009-9728-9106
crespo-cebada1760,Eva Crespo-Cebada,NA
crimston4526,Charlie R. Crimston,NA
crispim0765,João F. Crispim,NA
cui2698,Xiangshun Cui,https://orcid.org/0000-0003-3492-2698
cui7991,Bing Cui,NA
cypryańska2229,Marzena Cypryańska,NA
da cruz0713,Adriano Gomes da Cruz,NA
da4862,Chunyan Da,NA
dadia3228,O. Dadia,NA
dages9105,Benjamin A.S. Dages,https://orcid.org/0009-0007-2099-9105
dahl5368,Madeleine O. Dahl,NA
dai5523,Wenjing Dai,NA
dai9087,Xiaoyu Dai,https://orcid.org/0000-0002-0589-271X
dai9341,Siqing Dai,NA
dallas2193,Mark L. Dallas,NA
dan-jumbo8307,Susan O. Dan-Jumbo,NA
danner9983,Lukas Danner,NA
datta9889,Bianca Datta,NA
david7794,Shlomit David,https://orcid.org/0000-0003-2724-7794
davis0126,Ashton R. Davis,https://orcid.org/0000-0003-0764-0126
de bank7486,Paul A. De Bank,https://orcid.org/0000-0002-5717-7486
de boer4649,Alie de Boer,https://orcid.org/0000-0002-6500-4649
de haan0244,Bart J. de Haan,NA
de la raga9383,Fritz A. de la Raga,NA
de mello4552,Lucas de Mello,NA
de oliveira padilha4599,Lívia Garcez de Oliveira Padilha,NA
de oliveira0768,Gabriela Andrade de Oliveira,NA
de santiago-miramontes2075,María de los Ángeles de Santiago-Miramontes,NA
de schauwer6961,Catharina De Schauwer,NA
de souza teixeira7100,Odilene de Souza Teixeira,https://orcid.org/0000-0002-6961-7100
de steur0745,Hans De Steur,NA
de vos0923,Paul de Vos,NA
decker9138,Eric Andrew Decker,NA
delbreilh6219,Laurent Delbreilh,NA
demartini4687,Eugenio Demartini,NA
deng3962,Guoliang Deng,NA
deng9849,Liping Deng,NA
deschenes5638,Olivier Deschenes,NA
deshpande6845,Varun Deshpande,NA
devriendt7314,B. Devriendt,NA
di leo1541,Rosa Di Leo,NA
dicindio3997,Hailey DiCindio,NA
dicindio9599,Hailey DiCindio,NA
dijkstra3775,Pieter J. Dijkstra,NA
dillard2251,Courtney Dillard,NA
ding0103,Shijie Ding,https://orcid.org/0000-0002-5807-0103
ding0103,Shi-Jie Ding,https://orcid.org/0000-0002-5807-0103
ding0878,Shi-Jie Ding,NA
ding2358,Xi Ding,https://orcid.org/0000-0002-1401-2358
ding4785,Shi-Jie Ding,NA
ding5106,Shijie Ding,NA
ding5769,Shijie Ding,NA
ding7361,Shijie Ding,NA
ding8342,Shi-Jie Ding,NA
ding9391,Xi Ding,NA
dmitruczyk7669,Victoria Dmitruczyk,https://orcid.org/0000-0002-9577-7669
do nascimento moreira5457,Camila do Nascimento Moreira,https://orcid.org/0000-0001-9490-5457
do1085,Jeong Tae Do,NA
dogan8201,Arin Dogan,NA
dolgin5227,Elie Dolgin,NA
domingues4819,Carla Heloisa de Faria Domingues,NA
donadeu7642,F. Xavier Donadeu,NA
dos santos0975,Francisca Viviane dos Santos,NA
dou4765,Zishan Dou,NA
dreher1100,C. Dreher,NA
drennan4313,Daniel J. Drennan,NA
driessen1801,Clemens Driessen,NA
du1179,Guocheng Du,NA
du1524,Guocheng Du,NA
du1872,Chan Du,https://orcid.org/0000-0003-2440-1872
du6900,Guocheng Du,NA
du8372,Guocheng Du,NA
du8514,Guocheng Du,NA
du9727,Yanan Du,https://orcid.org/0000-0003-2627-9727
duasa9345,Jarita Duasa,NA
duffy3767,Breanna Duffy,NA
dupont2087,Jacqueline Dupont,NA
dutta1486,Sayan Deb Dutta,NA
díaz-caro6699,Carlos Díaz-Caro,https://orcid.org/0000-0003-1251-6699
egan9489,Paul Egan,NA
ehrlich7325,A. Ehrlich,NA
eigler1821,Tamar Eigler,NA
elghannam9275,Ahmed Elghannam,https://orcid.org/0000-0002-8095-9275
ellies-oury3636,Marie-Pierre Ellies-Oury,NA
ellies-oury5381,Marie-Pierre Ellies-Oury,NA
ellies-oury5693,Marie-Pierre Ellies-Oury,NA
ellies-oury6057,Marie-Pierre Ellies-Oury,NA
ellies-oury6569,Marie-Pierre Ellies-Oury,NA
ellis0853,Marianne J. Ellis,https://orcid.org/0000-0003-4155-0853
ellis3227,Marianne J. Ellis,NA
emmet-booth0516,Jeremy Emmet-Booth,NA
enrione6775,Javier Enrione,https://orcid.org/0000-0002-3916-6775
erikci4872,Erdem Erikci,NA
escribano3629,Alfredo J. Escribano,https://orcid.org/0000-0002-7165-3629
esmerino9418,Erick A. Esmerino,NA
esteves1007,Cristina L. Esteves,NA
ezhilarasu5334,Hariharan Ezhilarasu,https://orcid.org/0000-0002-4636-5334
fabian5284,Jack Fabian,https://orcid.org/0009-0004-1264-5284
failla1424,Morgan Failla,NA
faletar0232,Ivica Faletar,https://orcid.org/0000-0003-1162-0232
fan4555,Yu-Jui Fan,NA
fang1004,Huicheng Fang,NA
fang4028,Jiahua Fang,https://orcid.org/0000-0002-1651-4028
fatah yasin7833,Raudlotul Firdaus Fatah Yasin,NA
feng6632,Xianchao Feng,NA
fennelly8638,Colin Fennelly,https://orcid.org/0000-0003-0756-8638
ferrari1902,Arianna Ferrari,NA
ferrari3253,Arianna Ferrari,NA
ferraro2839,Danielle M. Ferraro,NA
ferreira6237,Frederico Castelo Ferreira,https://orcid.org/0000-0001-5177-6237
ferreira6783,Roberta Viana Ferreira,NA
ferri9778,Priscila Ferri,https://orcid.org/0000-0003-0568-9778
ferrier3803,John P. Ferrier,NA
fiala9765,V. Fiala,NA
fiebelkorn6531,Florian Fiebelkorn,NA
fiedler5663,Rodrigo Alonso Fiedler,NA
fischer5336,Arnout R.H. Fischer,https://orcid.org/0000-0003-0474-5336
fleck4962,Claudia Fleck,NA
fleischman4600,Diana Fleischman,NA
floreani3929,Rachael A. Floreani,https://orcid.org/0000-0002-8995-3929
foley4522,Christopher Foley,NA
ford3254,Hannah Ford,https://orcid.org/0000-0003-3028-940X
forestell8862,Catherine A. Forestell,NA
foster0840,Meika Foster,https://orcid.org/0000-0002-3828-0840
fotopoulou3268,Aristea Fotopoulou,NA
franceković4920,Paula Franceković,NA
francis7280,Aditya Francis,NA
froehlich1523,Halley E. Froehlich,https://orcid.org/0000-0001-7322-1523
frost6913,Scott C. Frost,NA
frías-sánchez5976,Ada I. Frías-Sánchez,NA
fu5914,Caili Fu,https://orcid.org/0000-0001-7707-5914
fu9022,Caili Fu,NA
fuentes-pila0976,Joaquìn Fuentes-Pila,NA
fujiwara3344,Natsumi Fujiwara,https://orcid.org/0009-0002-5570-709X
fuller4678,Katherine Fuller,NA
furuhashi6645,Mai Furuhashi,NA
fuseini4986,Awal Fuseini,NA
fytsilis1935,Vaios D. Fytsilis,https://orcid.org/0000-0002-7816-369X
gabay1150,Matan Gabay,NA
gagliardi2544,Mick Gagliardi,NA
gagliardi9488,Mick Gagliardi,https://orcid.org/0000-0001-7867-9488
gagnon4718,Mark A. Gagnon,NA
gal8647,Maayan Gal,https://orcid.org/0000-0003-3668-8647
ganguly1315,Keya Ganguly,NA
gao1199,Boyan Gao,NA
gao3295,Dengfeng Gao,NA
gao5865,Jie Gao,NA
gao6596,Botao Gao,NA
garcía-torralba4048,Lucía García-Torralba,NA
garda4259,Marie–Rose Garda,NA
garnett1395,Tara Garnett,NA
garnett2145,Tara Garnett,NA
garrison1452,Greg L. Garrison,NA
gasteratos1431,Kristopher Gasteratos,NA
gasteratos8432,Kristopher Gasteratos,NA
gaviglio7813,Anna Gaviglio,NA
ge0085,Chengxin Ge,NA
ge1039,Chengxin Ge,NA
genc6502,Kardelen Genc,NA
gerola2935,Alessio Gerola,NA
geuens7773,Maggie Geuens,NA
ghnimi4766,Sami Ghnimi,NA
ghosh8064,Jayeesha Ghosh,https://orcid.org/0000-0001-5222-8064
gickel7605,Julia Gickel,NA
giezenaar1918,Caroline Giezenaar,https://orcid.org/0000-0001-5612-1918
gildor8301,B. Gildor,NA
glieberman1406,Aaron L. Glieberman,NA
godfrey8835,A. Jonathan R. Godfrey,https://orcid.org/0000-0002-8129-8835
gold6773,J. Gold,NA
golian0236,Jozef Golian,NA
gonzalez fischer7152,Carlos Gonzalez Fischer,https://orcid.org/0000-0002-4140-7152
gonzalez1096,Grant M. Gonzalez,NA
gonzalez7680,Grant M. Gonzalez,NA
goswami3765,Apeksha Bharatgiri Goswami,NA
gould7045,Joanne Gould,NA
gousset4866,Cannelle Gousset,NA
grandison7224,Kelia Grandison,NA
grasso9502,Alessandra C. Grasso,https://orcid.org/0000-0002-2962-9502
graça5292,João Graça,NA
green6726,Che Green,NA
green9186,Che Green,NA
gregorio0556,Emilie Gregorio,NA
grønlien6210,Krister Gjestvang Grønlien,NA
gu0418,Xin Gu,NA
guan1368,Xin Guan,NA
guan5844,Xin Guan,NA
guan7706,Xin Guan,https://orcid.org/0000-0002-1743-7706
guo4086,Renpeng Guo,https://orcid.org/0000-0003-2834-4086
guo5986,Ren-Peng Guo,NA
guo8362,Zhaoyuan Guo,NA
gupta4150,Jalaj Gupta,NA
gurdian2706,Cristhiam Gurdian,https://orcid.org/0000-0002-8635-2706
gusmão6249,Afonso Gusmão,https://orcid.org/0000-0002-0280-6249
guterman ram4429,Gali Guterman Ram,NA
guthman5578,Julie Guthman,NA
góes8116,Helna Almeida de Araujo Góes,NA
hagelaar6819,Geoffrey Hagelaar,NA
hajat0949,Cother Hajat,NA
hallman7889,William K. Hallman,https://orcid.org/0000-0002-1593-7889
hallman9876,William K. Hallman,https://orcid.org/0000-0002-4524-9876
halpern2302,Benjamin S. Halpern,https://orcid.org/0000-0001-8844-2302
hamdan9708,Mohammad Naqib Hamdan,NA
hamid9494,Nazimah Hamid,https://orcid.org/0000-0001-7662-095X
hamley0926,Ian W. Hamley,https://orcid.org/0000-0002-4549-0926
hamlin2906,Robert P. Hamlin,NA
han0494,Jae Ho Han,NA
han1254,Sung Gu Han,https://orcid.org/0000-0002-1485-861X
han1800,Lin HAN,NA
han2661,Sung-Soo Han,https://orcid.org/0000-0003-0773-2661
han2661,Sung Soo Han,https://orcid.org/0000-0003-0773-2661
han3279,Jianyong Han,https://orcid.org/0000-0002-9549-3279
han5508,Jia Han,NA
han6994,Dongoh Han,https://orcid.org/0009-0007-9157-6994
han7446,Seo Gu Han,https://orcid.org/0000-0001-5100-7446
hanga4052,Mariana P. Hanga,https://orcid.org/0000-0002-2427-4052
haraguchi2610,Yuji Haraguchi,https://orcid.org/0000-0002-1578-2610
haraguchi6208,Yuji Haraguchi,NA
haraguchi7271,Yuji Haraguchi,NA
harris6290,Adam J. L. Harris,https://orcid.org/0000-0002-9041-6290
hartmann0065,Christina Hartmann,NA
hartmann9908,Christina Hartmann,NA
hawke4820,Thomas J. Hawke,https://orcid.org/0000-0003-4974-4820
hedberg5274,Russell C. Hedberg,NA
heine3348,Simon Heine,https://orcid.org/0000-0002-8006-3348
heinz5396,Volker Heinz,NA
heinz7303,Volker Heinz,NA
helmy7956,Mohamed Helmy,https://orcid.org/0000-0002-9561-7956
henke3245,Sieger Henke,NA
henze0222,Douglas E. Henze,NA
herrero5090,Mario Herrero,https://orcid.org/0000-0002-7741-5090
herscovici2342,A. Herscovici,NA
hewitt8977,Christopher J. Hewitt,NA
heyman4928,Emma Heyman,NA
hisamatsu8533,Daisuke Hisamatsu,https://orcid.org/0000-0001-9075-8533
hisamatsu9176,Daisuke Hisamatsu,NA
ho8167,Shirley S. Ho,NA
ho9460,Shirley S. Ho,NA
ho9862,William Ho,NA
hocquette0161,Jean-François Hocquette,NA
hocquette2186,Jean-François Hocquette,NA
hocquette3881,Jean-François Hocquette,https://orcid.org/0000-0003-2409-3881
hocquette5572,Jean-François Hocquette,NA
hocquette6951,Élise Hocquette,NA
hocquette7855,Jean-Francois Hocquette,NA
hocquette7879,Jean-François Hocquette,NA
hocquette8973,Jean-François Hocquette,NA
hocquette9353,Élise Hocquette,NA
hocquette9722,Aurélie Hocquette,NA
hofbauer9428,Ben Hofbauer,NA
holmes2612,Dwayne Holmes,NA
holmes5954,Jessica T. Holmes,NA
hong2266,Tae Kyung Hong,https://orcid.org/0000-0002-5237-2266
hong3752,Seong Joon Hong,https://orcid.org/0009-0008-1410-3752
hong6880,Heesang Hong,https://orcid.org/0000-0001-9433-6880
hong8536,Jinkee Hong,https://orcid.org/0000-0003-3243-8536
hong9539,Seyoung Hong,NA
hopfer6423,Helene Hopfer,NA
hoppenreijs1493,Loes J. G. Hoppenreijs,NA
hopster1790,Jeroen K.G. Hopster,NA
hornsey2640,Matthew J. Hornsey,NA
hort4543,Joanne Hort,https://orcid.org/0000-0001-8609-4543
howden9671,Mark Howden,https://orcid.org/0000-0002-0386-9671
hu1364,Xinyu Hu,NA
hu6523,Ze-Nan Hu,NA
hua5480,Shiyuan Hua,NA
huang3960,Dejian Huang,https://orcid.org/0000-0002-2305-3960
huang5924,Jiayi Huang,NA
hubalek3894,S. Hubalek,NA
humbird1871,David Humbird,https://orcid.org/0000-0002-7885-1871
hung2335,Yung Hung,NA
hung3525,Yung Hung,https://orcid.org/0000-0002-9510-3525
hur5852,Sunjin Hur,https://orcid.org/0000-0001-9386-5852
hur9648,Sun Jin Hur,NA
hwang2533,Heeyoun Hwang,https://orcid.org/0000-0002-0124-2533
hwang3535,Young-Hwa Hwang,https://orcid.org/0000-0003-3687-3535
höing4054,Tobias Höing,NA
høst1794,Vibeke Høst,NA
ianovici0436,Iris Ianovici,https://orcid.org/0000-0003-1840-847X
ianovici6587,Iris Ianovici,NA
ikeda9140,Mami Ikeda,NA
ingram1781,Brett A. Ingram,NA
inui-yamamoto0410,Chizuko Inui-Yamamoto,https://orcid.org/0000-0002-9963-0410
irie5238,Shinji Irie,NA
ishikawa2112,Hiroshi Ishikawa,NA
islam9261,Tajul Islam,NA
ito5853,Risa Ito,NA
i̇nan7940,Cansu Memiç İnan,NA
jaberansari7068,Ziba Jaberansari,NA
jabouille8950,Madalena Jabouille,NA
jackson9851,Anisha Jackson,https://orcid.org/0009-0004-3249-9851
jacobs7475,Anne-Katrin Jacobs,NA
jaenicke6872,Edward C. Jaenicke,NA
jahangard2202,Sam Jahangard,NA
jameel7177,Shahid Jameel,NA
james7847,Holly James,NA
jang4024,Goo Jang,NA
jang5598,Si Won Jang,NA
jang8753,Hoon Jang,NA
jarosz2831,Iwo Jarosz,NA
jenkins9691,Sarah C. Jenkins,https://orcid.org/0000-0001-8400-9691
jeong2119,Min-Soo Jeong,NA
jeong4232,Dayi Jeong,NA
jeong4384,Jinsol Jeong,https://orcid.org/0000-0001-9312-4384
jia7467,Yumei Jia,NA
jiang8383,Yi-Chen Jiang,NA
jiménez rodríguez1227,Adriana Jiménez Rodríguez,NA
jin hur6870,Sun Jin Hur,NA
jing1645,Linzhi Jing,https://orcid.org/0000-0002-4352-1645
jo2155,Cheorun Jo,NA
jo3798,Cheorun Jo,https://orcid.org/0000-0003-2109-3798
jo6841,Minguk Jo,https://orcid.org/0009-0004-8421-6841
john3270,Nikita John,NA
joo1941,Seon‑Tea Joo,NA
joo2828,Seon-Tea Joo,https://orcid.org/0000-0002-5483-2828
joo2828,Seontea Joo,https://orcid.org/0000-0002-5483-2828
joo5041,Seon‑Tea Joo,NA
joo9842,Jinmyoung Joo,https://orcid.org/0000-0003-1574-9842
jorge5388,Erika Cristina Jorge,NA
jr. mariano5988,Ermie Jr. Mariano,NA
ju8315,Won Seok Ju,https://orcid.org/0000-0002-3359-8315
jung2730,Chang Hwa Jung,https://orcid.org/0000-0002-1076-750X
jung2895,Sungwon Jung,NA
jung5777,Woo Kyung Jung,NA
jung6766,Doo Yeon Jung,https://orcid.org/0000-0001-5826-6766
jung6803,Hyun Young Jung,NA
jung7769,Woo Kyung Jung,NA
jung8317,Hyun Su Jung,https://orcid.org/0000-0002-3491-8317
jung9304,Hyun Young Jung,https://orcid.org/0000-0002-4561-9304
jönsson0356,Erik Jönsson,NA
jönsson2675,Erik Jönsson,https://orcid.org/0000-0002-6468-2675
kakitani1490,Makoto Kakitani,NA
kamel2205,Jihad Kamel,NA
kaminker1043,R. Kaminker,NA
kamperman6709,Tom Kamperman,https://orcid.org/0000-0002-2835-6709
kanellou8756,Anastasia Kanellou,NA
kang1251,Dong-Hee Kang,NA
kang1325,Min-Cheol Kang,NA
kantono8455,Kevin Kantono,https://orcid.org/0000-0001-6417-8455
kantor0600,Jonathan Kantor,NA
kantor4413,Bella Nichole Kantor,NA
kaplan3595,David L. Kaplan,NA
kaplan4332,David L. Kaplan,NA
kaplan7774,David L. Kaplan,https://orcid.org/0000-0002-9245-7774
karperien2490,Marcel Karperien,NA
kasa8757,Daijiro Kasa,NA
kataria5761,Mitesh Kataria,NA
katayama9603,Tomoka Katayama,NA
kawecki8639,N. Stephanie Kawecki,https://orcid.org/0000-0001-7421-013X
keeling9335,Michael C. Keeling,NA
kenigsberg6593,Joel A. Kenigsberg,NA
keppler7504,Julia K. Keppler,NA
keum8003,Joonho Keum,https://orcid.org/0009-0006-4325-8003
kim0102,Mina K. Kim,https://orcid.org/0000-0002-3546-453X
kim0504,Yun-a Kim,https://orcid.org/0000-0002-5505-030X
kim1732,Minsu Kim,https://orcid.org/0000-0001-7038-1732
kim1959,Gap‑Don Kim,NA
kim2770,Min Jung Kim,https://orcid.org/0000-0003-0205-016X
kim3401,Chaeri Kim,https://orcid.org/0009-0004-5493-3401
kim4314,Tae-Kyung Kim,https://orcid.org/0000-0002-6349-4314
kim4398,Kwansuk Kim,https://orcid.org/0000-0002-5895-4398
kim4485,Min Jung Kim,https://orcid.org/0000-0003-0205-016X
kim5294,Minsu Kim,NA
kim5967,Cho Hyun Kim,NA
kim6160,So-Hee Kim,https://orcid.org/0000-0003-3966-6160
kim6756,Kwanhyeong Kim,https://orcid.org/0000-0001-6569-6756
kim6873,Chan-Jin Kim,https://orcid.org/0000-0001-5020-6873
kim7412,Mina K. Kim,https://orcid.org/0000-0002-3546-453X
kim7552,Ye Rim Kim,NA
kim7639,Gap‑Don Kim,https://orcid.org/0000-0002-2286-7639
kim7639,Gapdon Kim,https://orcid.org/0000-0002-2286-7639
kim7828,Bosung Kim,NA
kim8329,Dasom Kim,NA
kim8412,Yuna Kim,NA
kim8688,Do Hyun Kim,https://orcid.org/0000-0002-2500-8688
kim9011,Young-Im Kim,NA
kim9704,Hyeon Jin Kim,https://orcid.org/0000-0001-6931-9704
kim9927,Beomjun Kim,https://orcid.org/0000-0002-6977-9927
kiran2959,Fadime Kiran,https://orcid.org/0000-0002-4536-2959
kitano0247,Shiro Kitano,NA
kiuchi9224,Mai Kiuchi,NA
klatt6875,Annemarie Klatt,NA
klose9220,F.P. Klose,NA
kluger7378,Petra J. Kluger,https://orcid.org/0000-0001-6784-7378
knoch0456,Achim Knoch,NA
ko3385,Deunsol Ko,NA
koh0615,Won-Gun Koh,NA
koh0952,Won-Gun Koh,NA
koh2207,Won-Gun Koh,NA
kolkmann7373,Anna M. Kolkmann,NA
kolset3855,Svein Olav Kolset,NA
kong2167,Yan Kong,NA
korenhof8993,Paulan Korenhof,NA
kougioumtzoglou5085,Spiridoula Kougioumtzoglou,NA
kraak5530,Vivica I. Kraak,https://orcid.org/0000-0002-9303-5530
krikser7989,Thomas Krikser,NA
krishnan1904,Sathish Krishnan,NA
kristoffersen8849,Kenneth Aase Kristoffersen,NA
krull9621,Rainer Krull,NA
kukk6141,Kora Kukk,NA
kulawik1635,Piotr Kulawik,NA
kulkarni6296,Ajay Kulkarni,NA
kumagai7377,Kyoko Kumagai,NA
kumar4569,Vinod Kumar,NA
kumar8631,Manoj Kumar,https://orcid.org/0000-0002-2040-8631
kumawat4133,Manoj Kumawat,https://orcid.org/0000-0001-6088-4133
kurt1879,Tutku Kurt,NA
kvasnička1183,Roman Kvasnička,https://orcid.org/0000-0002-6707-1183
kvasničková stanislavská8509,Lucie Kvasničková Stanislavská,https://orcid.org/0000-0001-7360-8509
kwon2530,Hyuk Cheol Kwon,https://orcid.org/0000-0001-6234-2530
kwon5340,Miji Kwon,NA
kwong4123,Grace A. Kwong,NA
kärkkäinen9548,Elviira Kärkkäinen,NA
kühn2853,David Kühn,NA
laestadius9339,Linnea I. Laestadius,NA
lagerkvist9445,Carl-Johan Lagerkvist,https://orcid.org/0000-0003-1191-9445
lahr1581,Heather J. Lahr,NA
lakemond4420,Catriona Lakemond,NA
lambert9592,Carla Lambert,NA
lampi4653,Elina Lampi,NA
lanz7201,Madeleine Lanz,https://orcid.org/0000-0003-0548-7201
larsen7346,Lotte Bach Larsen,NA
latour7372,Maxime Leblanc Latour,NA
laureati5054,Monica Laureati,NA
lavon7914,Neta Lavon,NA
lavon9912,Neta Lavon,NA
lazou3310,Andriana E. Lazou,NA
le coutre1805,Johannes le Coutre,https://orcid.org/0000-0003-0781-216X
le4751,Quang Bach Le,https://orcid.org/0000-0002-1001-4751
leahy6738,Sinead Leahy,https://orcid.org/0000-0002-5461-6738
leal de souza9928,Ângela Rozane Leal de Souza,https://orcid.org/0000-0002-4172-9928
lebert0049,André Lebert,NA
lee0013,Chang-Kyu Lee,https://orcid.org/0000-0001-6341-0013
lee0109,Jihyun Lee,https://orcid.org/0000-0001-5693-0109
lee0267,David A. Lee,NA
lee0365,Milae Lee,https://orcid.org/0000-0003-0569-0365
lee0463,Eun-Ju Lee,https://orcid.org/0000-0003-2496-0463
lee0629,Jeong Min Lee,https://orcid.org/0000-0002-1894-0629
lee0652,Da Young Lee,NA
lee0962,Wooje Lee,NA
lee1002,Sangmin Lee,NA
lee1991,Jong Ha Lee,NA
lee2272,Heejae Lee,https://orcid.org/0009-0003-7504-2272
lee2943,Juhyun Lee,NA
lee2999,Seong Ho Lee,NA
lee3053,Seung Tae Lee,NA
lee3278,Hyun Lee,NA
lee3307,Poongyeon Lee,NA
lee3710,Hyun Jung Lee,NA
lee3719,Jun-Yeong Lee,NA
lee3954,Chang-Kyu Lee,NA
lee4117,Juhyun Lee,NA
lee4542,Seung Yun Lee,NA
lee4797,Sangmin Lee,https://orcid.org/0000-0002-6713-4797
lee5154,Sangmin Lee,NA
lee5417,Da Young Lee,NA
lee5554,Seungmee Lee,NA
lee5686,Jae-Hoon Lee,NA
lee5833,Seung Yun Lee,NA
lee6066,Milae Lee,NA
lee6121,Young-Sam Lee,NA
lee6434,Seung Tae Lee,NA
lee6517,Seung-Yun Lee,https://orcid.org/0000-0002-8861-6517
lee7095,Solhee Lee,https://orcid.org/0000-0003-1124-7095
lee7349,Eun-Yeong Lee,https://orcid.org/0000-0002-3467-7349
lee8638,Kathleen Lee,https://orcid.org/0009-0008-6456-8638
lee9174,Jihyun Lee,NA
lee9729,TaeByung Lee,NA
lei6826,Qingzi Lei,NA
leijten4932,Jeroen Leijten,https://orcid.org/0000-0002-8063-207X
leite4475,Marco Leite,https://orcid.org/0000-0002-0319-4475
leong8037,Alisius D. Leong,https://orcid.org/0000-0003-2967-8037
leroy9626,Frédéric Leroy,https://orcid.org/0000-0001-8682-9626
letcher3581,Sophia Letcher,NA
leung8877,Glenn Leung,NA
leung9941,Angela K.-y. Leung,https://orcid.org/0000-0003-2302-9941
leung9941,Angela K.‐y. Leung,https://orcid.org/0000-0003-2302-9941
levenberg7339,Shulamit Levenberg,https://orcid.org/0000-0001-5471-7339
lew0281,Emily T. Lew,NA
lew8113,Emily T. Lew,NA
lewisch2811,Leonore Lewisch,https://orcid.org/0000-0002-5380-2811
li1161,Huixia Li,NA
li1376,Haoran Li,NA
li1544,Xiufeng Li,NA
li2903,Jiaxin Li,NA
li2925,Shilei Li,NA
li3649,Mei Li,NA
li3748,Haoran Li,https://orcid.org/0000-0002-8523-3748
li4015,Mei Li,NA
li4093,Linzi Li,NA
li4296,Junyang Li,NA
li4646,Bin Li,NA
li5065,Xueliang Li,NA
li5161,Kai Li,NA
li5186,Xinxin Li,NA
li5977,Xueliang Li,NA
li6011,Hui-Xia Li,NA
li6584,Chunmei Li,NA
li6720,Yingying Li,NA
li7304,Jing Li,NA
li8708,Chunbao Li,https://orcid.org/0000-0002-0708-891X
li9289,Chunbao Li,https://orcid.org/0000-0002-0708-891X
li9350,Chun-Bao Li,NA
liang3724,Kaini Liang,NA
liang7272,Hongshan Liang,NA
lifshits3582,Lucia Adriana Lifshits,NA
lim3771,Kwang Suk Lim,NA
lim5281,Su Jin Lim,https://orcid.org/0000-0002-7646-013X
lim5424,Ki-Taek Lim,https://orcid.org/0000-0003-2091-788X
lim8170,Jeong-Ho Lim,https://orcid.org/0000-0002-0375-8170
lin2997,Wen Lin,NA
lin3884,Che-Wei Lin,NA
lin8941,Wen Lin,NA
lindley1306,Nicholas D. Lindley,https://orcid.org/0000-0002-9538-1306
linné8682,Tobias Linné,https://orcid.org/0000-0002-3799-8682
little3859,David Little,NA
liu0105,Ye Liu,NA
liu0476,Jingjing Liu,NA
liu0732,Kuan-Ting Liu,NA
liu1455,Peipei Liu,NA
liu2516,Hao Liu,NA
liu3064,Qihan Liu,NA
liu5492,Hongfei Liu,NA
liu5609,Wei Liu,NA
liu6649,Shiqi Liu,NA
liu7012,Ye Liu,https://orcid.org/0000-0001-5488-7012
liu7643,Pei-Pei Liu,NA
liu7645,Wenting Liu,NA
liu7911,Jingjing Liu,NA
liu8061,Zheng Liu,NA
liu9129,Donghong Liu,NA
liu9135,Qingying Liu,NA
liu9154,Hang Liu,NA
liu9470,Zheng Liu,NA
liu9528,Jingjing Liu,NA
liu9864,Donghong Liu,NA
lonkila0301,Annika Lonkila,NA
loo3690,Larry Loo,NA
lorimer5155,Jamie Lorimer,NA
lou9421,Xuanming Lou,NA
louis2314,Fiona Louis,https://orcid.org/0000-0002-2453-2314
lu2819,Naiyan Lu,https://orcid.org/0000-0001-9778-2819
lua3438,Verity Lua,https://orcid.org/0000-0002-1000-3438
luna-aguirre5585,Claudia Maribel Luna-Aguirre,NA
lupi1130,Claudio Lupi,https://orcid.org/0000-0001-5166-1130
lusk4525,Jayson L. Lusk,NA
lyman4530,Elisabeth Lyman,NA
lähteenmäki-uutela3256,Anu Lähteenmäki-Uutela,NA
löhr6325,Guido Löhr,NA
lösch0306,Andreas Lösch,NA
ma5537,Aijin Ma,NA
maatz4403,Robin Maatz,NA
mabuchi6014,Yo Mabuchi,NA
mabuchi9242,Yo Mabuchi,NA
machluf8746,Marcelle Machluf,https://orcid.org/0000-0001-5896-963X
macqueen4817,Luke A. MacQueen,NA
maier7874,Jason Maier,NA
main6506,Kevan L. Main,NA
maiolino molento2411,Carla Forte Maiolino Molento,NA
malavalli2900,Maya Murthy Malavalli,NA
malek8473,Lenka Malek,NA
malerich7635,Marlana Malerich,https://orcid.org/0000-0001-7607-7635
manaspon1494,Chawan Manaspon,NA
mancini1930,Maria Cecilia Mancini,NA
mao4523,Yong Mao,https://orcid.org/0000-0001-9268-4523
marais7047,Bérangère Marais,NA
marescotti2287,Maria Elena Marescotti,NA
mariano5004,Ermie Jr. Mariano,NA
marinova0619,Dora Marinova,NA
marques2038,Diana M.C. Marques,https://orcid.org/0000-0001-6291-2038
martins6485,Cesar Martins,https://orcid.org/0000-0003-3534-974X
mathys0429,Alexander Mathys,NA
matsusaki9313,Michiya Matsusaki,https://orcid.org/0000-0003-4294-9313
matwick4303,Keri Matwick,https://orcid.org/0000-0002-4022-4303
maye6630,Damian Maye,https://orcid.org/0000-0002-4459-6630
mcclements7673,David Julian McClements,NA
mccrow-young0891,Ally McCrow-Young,NA
mcdonald0934,Gavin G. McDonald,NA
mcdonald9968,Karen A. McDonald,https://orcid.org/0000-0002-5145-9968
mcneill3853,Lisa S. McNeill,NA
meeremans8703,M. Meeremans,NA
melke4183,J. Melke,NA
meng4877,Zi-Qing Meng,NA
mesa0241,Nathalie Mesa,NA
messmer9010,Tobias Messmer,NA
mesías9554,Francisco J. Mesías,https://orcid.org/0000-0001-5334-9554
michel6279,Fabienne Michel,NA
milburn7242,Josh Milburn,NA
milburn8555,Josh Milburn,https://orcid.org/0000-0003-0638-8555
millage4890,Katherine D. Millage,NA
millay0635,Douglas P. Millay,NA
minyard9705,Jacob D. Minyard,NA
mirkin1421,Federico Gabriel Mirkin,NA
mirliani9807,Addison B. Mirliani,NA
mo3259,Jianling Mo,NA
modulevsky5634,Daniel J. Modulevsky,NA
molento3879,Carla Forte Maiolino Molento,NA
molento4994,Carla Forte Maiolino Molento,NA
molento7891,Carla Forte Maiolino Molento,https://orcid.org/0000-0003-1408-7891
molin2294,Daniël G. M. Molin,NA
mombo5429,Cassandra Mombo,NA
moon5915,Ji-Sung Moon,NA
morais-da-silva1516,Rodrigo Luiz Morais-da-Silva,https://orcid.org/0000-0003-4365-519X
morais-da-silva4199,Rodrigo Luiz Morais-da-Silva,NA
morimoto8226,Yuya Morimoto,https://orcid.org/0000-0003-4742-8226
motta6087,Sarah E. Motta,NA
moulis9945,Pavel Moulis,NA
moutsatsou0123,Panagiota Moutsatsou,NA
moutsatsou5310,Panagiota Moutsatsou,NA
moutsatsou6458,P. Moutsatsou,NA
mukka1610,Shravya Mukka,https://orcid.org/0009-0004-0024-1610
mulvaney3506,William J. Mulvaney,NA
munawar5231,Noshaba Munawar,NA
munawar7342,Noshaba Munawar,NA
munz fernandes4825,Alice Munz Fernandes,https://orcid.org/0000-0003-3023-605X
murugan6646,Priyatharshini Murugan,https://orcid.org/0000-0001-5434-6646
mustafa3113,Amin Rukaini Mustafa,NA
mylan1460,Josephine Mylan,NA
müller6876,Carolina Müller,NA
nagamori7572,Eiji Nagamori,NA
nahmias9183,Y. Nahmias,https://orcid.org/0000-0002-6051-616X
naik0136,Mihir Yogesh Naik,NA
nakamura2720,Futoshi Nakamura,NA
nakamura4681,Tetsuya Nakamura,NA
nakao2392,Yoichi Nakao,https://orcid.org/0000-0001-5929-2392
nakao8739,Yoichi Nakao,NA
nam9030,Taek-Jeong Nam,NA
nandi0956,Somen Nandi,https://orcid.org/0000-0001-5240-198X
naraoka7944,Yuna Naraoka,https://orcid.org/0000-0002-7745-7944
navarro7753,Micaela Navarro,NA
nayga1873,Rodolfo M. Nayga,NA
negahban4572,Mehrdad Negahban,NA
negulescu7935,Patrick G. Negulescu,NA
nelson9141,Jenny Nelson,NA
nemeczek1246,F. Nemeczek,NA
netti9134,Francesca Netti,NA
neubauer5703,Martin Neubauer,NA
neugebauer4813,Felix Neugebauer,NA
nezlek3637,John B. Nezlek,https://orcid.org/0000-0003-4963-3637
nguyen7775,Cuong Nguyen,NA
nielsen7545,Søren Drud-Heydary Nielsen,NA
nienow9126,Alvin Nienow,NA
nikkhah2486,Amin Nikkhah,NA
nishiyama9672,Yasutaka Nishiyama,NA
nitin7807,Nitin Nitin,NA
niu1474,Ruihao Niu,NA
niu3895,Yuge Niu,NA
niu5455,Ruihao Niu,https://orcid.org/0000-0002-2805-5455
niv0339,A. Niv,NA
nogueira9802,Júlia Meireles Nogueira,NA
norris9085,Sam C.P. Norris,https://orcid.org/0000-0003-4793-9085
nozawa6494,Hajime Nozawa,NA
ock6453,Sun A. Ock,NA
offerhaus7551,Herman L. Offerhaus,NA
ogilvie9077,Olivia J. Ogilvie,https://orcid.org/0000-0002-6670-9077
oh0316,Sehyuk Oh,NA
oh2512,Sehyuk Oh,https://orcid.org/0000-0003-4105-2512
okamura2184,Daiji Okamura,NA
olding6677,Christina Olding,NA
oliveira1746,Jordana Inácio Nascimento Oliveira,https://orcid.org/0000-0003-2511-1746
olthof9244,Margreet R. Olthof,https://orcid.org/0000-0002-1982-9244
ong1535,Shujian Ong,https://orcid.org/0000-0001-5981-1535
ong3316,Zhing Ting Ong,NA
ong5650,Kimberly J. Ong,NA
oosterhuis7757,Nico Oosterhuis,NA
orellana7179,Nicole Orellana,NA
ortega6227,David L. Ortega,NA
ortega8500,David L. Ortega,NA
osen7525,Raffael Osen,https://orcid.org/0000-0003-1256-7525
osman6657,Magda Osman,https://orcid.org/0000-0003-1480-6657
ou5204,Mengxue Ou,NA
ou8027,Mengxue Ou,NA
oven5134,Alice Oven,NA
ovissipour1773,Reza Ovissipour,NA
ovissipour4082,Reza Ovissipour,NA
ovissipour8433,Reza Ovissipour,NA
ozhava7490,Derya Ozhava,https://orcid.org/0000-0003-4747-7490
o’connor7746,Blakely B. O’Connor,NA
o’neill8034,Edward N. O’Neill,https://orcid.org/0000-0002-3944-013X
o’riordan9577,Kate O’Riordan,NA
paengnakorn4727,Pathinan Paengnakorn,https://orcid.org/0000-0001-6413-4727
pagliarini8016,Ella Pagliarini,NA
palma revillion4391,Jean Philippe Palma Revillion,https://orcid.org/0000-0002-4216-4391
palmieri3733,Nadia Palmieri,https://orcid.org/0000-0001-7178-3733
pan3667,Zihe Pan,https://orcid.org/0000-0002-6809-3667
pang2976,Marion Pang,https://orcid.org/0000-0002-0158-2976
parekh6387,Nishant Parekh,NA
park0203,Kyung-Mee Park,NA
park0848,Sanghun Park,https://orcid.org/0000-0003-4804-0848
park1097,Gyutae Park,https://orcid.org/0000-0003-1614-1097
park1441,Sang-Hun Park,NA
park2027,Yong Ho Park,NA
park2068,Min-Kyung Park,NA
park2828,Jinryong Park,https://orcid.org/0000-0002-1298-2828
park3785,Yunhwan Park,NA
park4155,Sohyeon Park,NA
park5061,Yong Ho Park,NA
park5624,Hee Ho Park,https://orcid.org/0000-0003-1498-5624
park6143,Sanghun Park,NA
park6697,Yunhwan Park,https://orcid.org/0000-0002-2239-6697
park8934,Sohyeon Park,NA
park9719,Sungkwon Park,https://orcid.org/0000-0002-7684-9719
parker1791,Kevin Kit Parker,NA
parker7535,Kevin Kit Parker,https://orcid.org/0000-0002-5968-7535
parkinson2711,Avery Parkinson,NA
pasitka3264,L. Pasitka,NA
patel0250,Dinesh K. Patel,NA
patel6974,Mikaela Patel,NA
patil7792,Tejal V. Patil,NA
pavar1971,Geethanjali S. Pavar,https://orcid.org/0000-0003-0952-505X
pawlica3841,P. Pawlica,NA
payet5566,Vincent Payet,NA
pedersen3238,Mona Elisabeth Pedersen,https://orcid.org/0000-0002-1081-3238
pedroza-gonzález4100,Sara Cristina Pedroza-González,NA
peelman7493,L. Peelman,NA
pelling7472,Andrew E. Pelling,https://orcid.org/0000-0003-3732-7472
pereira2791,Jéssica Beatriz Pereira,https://orcid.org/0000-0001-8115-2791
perez-castro2487,Carolina Perez-Castro,NA
perez-cueto2678,Federico J. A. Perez-Cueto,https://orcid.org/0000-0003-1270-2678
perito1288,Maria Angela Perito,https://orcid.org/0000-0002-3115-1288
peterolff4377,Laure Peterolff,NA
peters3740,Michael M. Peters,NA
peña1836,Maria Belen Peña,NA
pflanzer9569,Sérgio Bertelli Pflanzer,https://orcid.org/0000-0001-8482-9569
piazza4923,Jared Piazza,NA
piazza5940,Jared Piazza,NA
pietropinto4432,Jaymie A. Pietropinto,NA
pietropinto8600,Jaymie A. Pietropinto,NA
pilař7323,Ladislav Pilař,https://orcid.org/0000-0001-7624-7323
pilařová6486,Lucie Pilařová,NA
pimentel7738,Tatiana C. Pimentel,NA
pinzon4768,Carlos A. Pinzon,NA
pitrová2286,Jana Pitrová,NA
pizza1305,Christina V. Pizza,NA
plastino0001,Michael E. Plastino,NA
pope9163,Benjamin D. Pope,https://orcid.org/0000-0003-1847-9163
possidónio9660,Catarina Possidónio,NA
post0343,M. J. Post,NA
post3247,Mark Post,NA
post3431,Mark J. Post,NA
post4881,Mark J. Post,NA
post9763,Mark J. Post,NA
poulsen3062,Nina Aagaard Poulsen,NA
prada5335,Marília Prada,NA
prado gimenez9553,Fernando Antonio Prado Gimenez,https://orcid.org/0000-0002-5143-9553
praet0621,Istvan Praet,NA
prieto9695,Pablo Prieto,NA
prinyawiwatkul8957,Witoon Prinyawiwatkul,https://orcid.org/0000-0001-5270-8957
profeta8471,Adriano Profeta,NA
proserpio9113,Cristina Proserpio,https://orcid.org/0000-0003-1793-9113
purup2599,Stig Purup,NA
qin2883,Guanyu Qin,NA
quevedo-silva4651,Filipe Quevedo-Silva,https://orcid.org/0000-0001-7494-4651
rabin2143,Miryam Rabin,NA
rabitti5048,Noemi Sofia Rabitti,NA
rahikainen0207,Moona Rahikainen,NA
ramli3085,Mohd Anuar Ramli,NA
rao4222,Varsha V. Rao,NA
rao9981,Kummara Madhusudana Rao,https://orcid.org/0000-0002-5350-9981
rasmussen8430,Martin Krøyer Rasmussen,NA
rasmussen9376,Martin Krøyer Rasmussen,NA
raveetharan9581,Shathana Raveetharan,NA
rebalka1281,Irena A. Rebalka,NA
redenski9988,Idan Redenski,https://orcid.org/0000-0001-5139-9988
reis0101,Germano Glufke Reis,NA
reis1504,Germano Glufke Reis,NA
reis2792,Germano Glufke Reis,NA
reis5734,Germano Glufke Reis,https://orcid.org/0000-0001-8884-5734
reis8153,Germano Glufke Reis,NA
reisinger7188,Andy Reisinger,https://orcid.org/0000-0002-6631-7188
restivo2417,Jessica Restivo,NA
reuveni8540,E. Reuveni,NA
revelou8696,Panagiota-Kyriaki Revelou,NA
rezende-de-souza3123,Jonatã Henrique Rezende-de-Souza,https://orcid.org/0000-0002-9868-3123
rho9463,Sangchul Rho,NA
rhody0095,Nicole Rhody,NA
riefler9962,Petra Riefler,https://orcid.org/0000-0001-9879-9962
rigby evans4124,Olga Rigby Evans,NA
rijssenbeek4667,Julia Rijssenbeek,NA
riley9808,Susanna E. Riley,NA
rischer8935,Heiko Rischer,NA
risner4073,Derrick Risner,NA
rittenberg0740,Miriam Rittenberg,NA
rittenberg0835,Miriam L. Rittenberg,NA
robison7698,Rosie Robison,NA
rohani0775,Abbas Rohani,NA
rosa9121,Elisabetta Rosa,NA
rosak-szyrocka6787,Joanna Rosak-Szyrocka,https://orcid.org/0000-0002-5548-6787
ross6601,Pablo J. Ross,NA
rowat5320,Amy C. Rowat,https://orcid.org/0000-0001-5800-5320
rubio1509,Natalie R. Rubio,https://orcid.org/0000-0001-6702-1509
rubio1509,Natalie Rubio,https://orcid.org/0000-0001-6702-1509
rudik5073,A. Rudik,NA
rufino8832,Joao Paulo F. Rufino,NA
ruivenkamp5660,Martin Ruivenkamp,NA
rusalen7322,Auriane Rusalen,NA
rybchyn1412,Mark S. Rybchyn,NA
ryu1329,Minkyung Ryu,https://orcid.org/0000-0002-2742-1329
rzymski0364,Piotr Rzymski,NA
rzymski0801,Piotr Rzymski,https://orcid.org/0000-0002-4713-0801
röös7808,Elin Röös,NA
rønning0073,Sissel Beate Rønning,NA
saad3591,Michael K. Saad,NA
sakaguchi8455,Katsuhisa Sakaguchi,https://orcid.org/0000-0002-8610-8455
sakoulogeorga5570,Eleni Sakoulogeorga,https://orcid.org/0000-0003-4764-5570
salas-ramírez2514,Miriam L. Salas-Ramírez,NA
sanctorum4256,Hermes Sanctorum,NA
sanctorum5752,Hermes Sanctorum,NA
sangngam9773,Pakorn Sangngam,NA
sanjuan-alberte2864,Paola Sanjuan-Alberte,https://orcid.org/0000-0002-2079-2864
santos2518,Ana Elisa Antunes dos Santos,NA
santos7132,João Paulo Ferreira Santos,NA
sarkarat1820,Reyhaneh Sarkarat,NA
sarma4114,Devojit Kumar Sarma,https://orcid.org/0000-0002-2749-4114
sass1857,Sharon Sass,NA
sattari4031,Zahra Sattari,https://orcid.org/0000-0002-2102-4031
savchenko0963,Alexei Savchenko,NA
savchenko8049,Alexei Savchenko,NA
savulescu3077,Julian Savulescu,NA
schaefer1742,G. Owen Schaefer,NA
schejter1171,Eyal D. Schejter,NA
schnitzler3976,Aletta Schnitzler,NA
schuster3075,E. Schuster,NA
schüler1297,Kristin Schüler,https://orcid.org/0009-0001-0476-226X
scrimgeour7143,Frank Scrimgeour,https://orcid.org/0000-0002-9409-7143
seah5449,Jasmine Si Han Seah,https://orcid.org/0009-0006-7746-5449
sealy0668,Michael P. Sealy,NA
seeler9965,Sabrina Seeler,NA
segev3249,Nadav Segev,NA
segretin0703,María Eugenia Segretin,https://orcid.org/0000-0002-6336-0703
seitsonen4673,Jani Seitsonen,NA
selvaganapathy9803,P. Ravi Selvaganapathy,NA
selvarajoo9666,Kumar Selvarajoo,https://orcid.org/0000-0002-0314-9666
semper1012,Cameron Semper,NA
semper8040,Cameron Semper,NA
seo5481,Jeong Wook Seo,NA
seo8536,Kang-Min Seo,https://orcid.org/0000-0001-6152-8536
seok choi9949,Jung Seok Choi,NA
sexton7357,Alexandra E. Sexton,NA
seyfoddin9905,Ali Seyfoddin,https://orcid.org/0000-0003-4343-9905
shahin-shamsabadi0467,Alireza Shahin-Shamsabadi,NA
shaikh2393,Sibhghatulla Shaikh,https://orcid.org/0000-0002-7489-2393
shakked6665,Avraham Shakked,NA
shan1123,Tizhong Shan,https://orcid.org/0000-0002-4738-414X
shao9074,Ping Shao,NA
sharma1469,Chetan Sharma,https://orcid.org/0000-0003-0816-1469
shatkin8642,Jo Anne Shatkin,https://orcid.org/0000-0001-9015-8642
shaulov dvir7316,Yana Shaulov Dvir,NA
sheikh2991,Mustapha Sheikh,NA
sheng0845,Jiping Sheng,NA
sheng1061,Jiping Sheng,NA
sheng3246,Kuichuan Sheng,NA
sheng8965,Kuichuan Sheng,NA
shi4454,Yi-Fan Shi,NA
shi5806,Hongxu Shi,NA
shi6070,Ziao Shi,NA
shi8691,Chenchen Shi,NA
shim2522,Kwan Seob Shim,NA
shim8079,Kwanseob Shim,NA
shima5623,Ai Shima,NA
shimada4031,Eriko Shimada,https://orcid.org/0000-0002-9689-4031
shimizu4239,Tatsuya Shimizu,https://orcid.org/0000-0001-7601-4239
shimizu4701,Tatsuya Shimizu,NA
shimizu7513,Tatsuya Shimizu,NA
shimoda9556,Hiroshi Shimoda,NA
shimoni8952,M. Shimoni,NA
shin3842,Su Ryon Shin,NA
shou3984,Yiyun Shou,NA
shub0544,Michelle Shub,NA
shum1880,Ho Cheung Shum,NA
siegrist2171,Michael Siegrist,NA
siegrist3159,Michael Siegrist,NA
sikora1763,Dominika Sikora,https://orcid.org/0000-0002-0854-1763
sikora9101,Dominika Sikora,NA
silva6984,Gerluza Aparecida Borges Silva,NA
sim2406,Joy Sim,NA
sim4236,Xueling Sim,NA
sinatra0734,Nina R. Sinatra,NA
singh3682,Suraj Kumar Singh,NA
singh4778,Samradhi Singh,NA
singh6133,Satnam Singh,https://orcid.org/0000-0001-9129-665X
singh8100,Anshuman Singh,NA
sinha3040,Sansrity Sinha,NA
sinquin2006,Clémentine Sinquin,NA
skinner4355,Dawne Skinner,https://orcid.org/0000-0002-9706-4355
skrivergaard0358,Stig Skrivergaard,NA
slabbinck7341,Hendrik Slabbinck,NA
smetana1899,Sergiy Smetana,NA
smetana4497,Sergiy Smetana,NA
smink7141,Alexandra M. Smink,NA
smith0369,Pete Smith,NA
smith5805,Derek J. Smith,NA
sohn8579,Sea Hwan Sohn,NA
solberg5046,Nina Therese Solberg,NA
son4055,Yu-Min Son,https://orcid.org/0000-0002-0793-4055
son4064,Yebin Son,NA
son7793,Yu-Mi Son,NA
son8853,Boram Son,NA
song0361,Wenjuan Song,NA
song6964,Wen-Juan Song,NA
song8067,Wen-Juan Song,NA
soto9461,Delia A. Soto,NA
souppez5819,Jean-Baptiste R.G. Souppez,https://orcid.org/0000-0003-0217-5819
sova6883,Marina Sova,NA
sozer9772,Nesli Sozer,NA
spang9375,Edward S. Spang,NA
steele2385,Alexandra P. Steele,https://orcid.org/0009-0002-8364-2385
steinmetz6465,Kai Steinmetz,NA
stephens0025,Neil Stephens,NA
stephens0531,Neil Stephens,NA
stephens3298,Neil Stephens,NA
stogios1425,Peter J. Stogios,https://orcid.org/0000-0001-8663-1425
stout1032,Andrew J. Stout,https://orcid.org/0000-0001-9470-1032
strack2683,Micha Strack,NA
strati2005,Irini F. Strati,NA
ström7701,A. Ström,NA
su4598,Wenfan Su,https://orcid.org/0009-0005-3028-4598
su5169,Lingshan Su,NA
su5547,Lingshan Su,NA
su6942,Sebastian H.A. Su,NA
sucha heidemann1105,Marina Sucha Heidemann,NA
sugii8197,Shigeki Sugii,NA
sumner5565,Daniel Sumner,NA
sun5044,Jiayu Sun,NA
sun5704,Jie Sun,NA
sun6686,Peilong Sun,NA
sun8166,Jiayu Sun,NA
sun9056,Zhi-chang SUN,NA
suntornnond5551,Ratima Suntornnond,https://orcid.org/0000-0002-4907-5551
suto2379,Eriko Grace Suto,NA
swennen2913,G. N. M. Swennen,NA
swennen8990,Geertje Swennen,NA
sylvia5521,Ryan Sylvia,NA
syroid2434,Anika L. Syroid,NA
szczepanski3674,Lena Szczepanski,NA
szejda9378,Keri Szejda,NA
szymkowiak6413,Andrzej Szymkowiak,NA
sánchez6005,Elizabeth Sánchez,NA
tachikawa8509,Masashi Tachikawa,https://orcid.org/0000-0002-3154-8509
tahir2276,Irfan Tahir,NA
tai1268,Benjamin C.U. Tai,NA
takagi8290,Daisuke Takagi,NA
takahashi6171,Hironobu Takahashi,https://orcid.org/0000-0001-7566-6171
takebe2374,Takanori Takebe,NA
takebe7964,Takanori Takebe,NA
takeuchi0409,Shoji Takeuchi,https://orcid.org/0000-0001-6946-0409
tan1569,Lay Poh Tan,https://orcid.org/0000-0002-0172-1569
tan3275,Pei Leng Tan,NA
tan7948,Russell Tan,NA
tanaka4227,Ryu-ichiro Tanaka,NA
tang3404,Changbo Tang,https://orcid.org/0000-0002-3091-3404
tang5612,Xue Tang,NA
tang6659,Haohao Tang,NA
tang8425,Yunan Tang,NA
tarnecki5201,Andrea M. Tarnecki,NA
tavares-negrete1082,Jorge A. Tavares-Negrete,NA
teixeira costa7683,Lucas Teixeira Costa,NA
tejeda-saldana6994,Yadira Tejeda-Saldana,https://orcid.org/0000-0001-5561-6994
teng4924,Yao Teng,NA
theera-umpon9610,Nipon Theera-Umpon,https://orcid.org/0000-0002-2951-9610
theodosiou4434,Eirini Theodosiou,https://orcid.org/0000-0001-7068-4434
therkildsen1416,Margrethe Therkildsen,NA
thomas8994,Jason M. Thomas,https://orcid.org/0000-0001-7013-8994
thorpe5804,Stephen D. Thorpe,NA
thrower6400,Thomas Thrower,NA
tiberius0872,Victor Tiberius,https://orcid.org/0000-0002-6492-0872
tobi1286,Hilde Tobi,NA
tobi5441,Hilde Tobi,NA
tohar7587,Ran Tohar,NA
tomczyk2627,Joanna Tomczyk,NA
torrico2438,Damir D. Torrico,https://orcid.org/0000-0003-1482-2438
trijp4363,Hans C.M. van Trijp,NA
trujillo-de santiago4607,Grissel Trujillo-de Santiago,https://orcid.org/0000-0001-9230-4607
tse0270,Brian Tse,NA
tsuruwaka0731,Yusuke Tsuruwaka,https://orcid.org/0000-0003-3488-0731
tuomisto8310,Hanna L. Tuomisto,NA
tuomisto8354,Hanna L. Tuomisto,https://orcid.org/0000-0002-5971-8354
tuomisto8947,Hanna L. Tuomisto,NA
tuorila2033,Hely Tuorila,NA
turchini3632,Giovanni M. Turchini,NA
tzahor9198,Eldad Tzahor,NA
udomsom3907,Suruk Udomsom,https://orcid.org/0000-0001-5835-3907
ulagesan8610,Selvakumari Ulagesan,NA
um8837,Min Young Um,https://orcid.org/0000-0002-8448-8837
umansky0113,Kfir-Baruch Umansky,NA
umberger4800,Wendy J. Umberger,NA
urlings3938,Miriam J.E. Urlings,NA
valente3070,Júlia de Paula Soares Valente,NA
van dam4719,Rob M. Van Dam,NA
van der weele0541,Cor van der Weele,NA
van essen7831,Anon Van Essen,NA
van loo1277,Ellen J. Van Loo,NA
van loo1894,Ellen J. Van Loo,NA
van loo8441,Ellen J. Van Loo,NA
van poucke6261,M. Van Poucke,NA
van schooten1500,Frederik-Jan van Schooten,NA
van trijp2938,Hans C.M. van Trijp,NA
van trijp8627,Hans C.M. van Trijp,NA
vater0983,Catalina Francisca Vater,NA
veit9547,Walter Veit,NA
venkatesan2793,Meenakshi Venkatesan,NA
ventura6543,Keti Ventura,NA
venturelli6116,Natália Bortholazzi Venturelli,https://orcid.org/0000-0002-0287-6116
verbeke6525,Wim Verbeke,NA
verbeke7104,Wim Verbeke,https://orcid.org/0000-0002-9967-7104
verma3345,Vinod Verma,NA
vermeir0019,Iris Vermeir,NA
verneau0320,Fabio Verneau,NA
vieille6235,Benoit Vieille,NA
vijayan5633,Andrew Vimal Vijayan,NA
villar4099,Eduardo Guedes Villar,https://orcid.org/0000-0001-5005-4099
vlčko1110,Tomáš Vlčko,NA
voloschin4856,A. Voloschin,NA
voss5710,F. Voss,NA
vriesekoop9992,Frank Vriesekoop,https://orcid.org/0000-0001-7129-9992
vrolijk0383,Misha F. Vrolijk,NA
vučković1577,Tea Vučković,NA
wagner7317,Zoé Wagner,NA
wall1334,Ivan Wall,NA
wallin8543,P. Wallin,https://orcid.org/0000-0001-6222-8543
walsh0953,W.R. Walsh,NA
walsh5542,Catherine J. Walsh,https://orcid.org/0000-0002-8279-5542
wan3311,Andrew C.A. Wan,https://orcid.org/0000-0002-0449-3311
wang0397,Yafang Wang,https://orcid.org/0000-0002-3267-0397
wang1229,Xinhe Wang,NA
wang1434,Yizhen Wang,NA
wang1594,Yafang Wang,NA
wang3232,Ou Wang,https://orcid.org/0000-0002-7976-3232
wang3444,Jiali Wang,NA
wang3731,Xiang Wang,NA
wang5401,Tong Wang,NA
wang5507,Rui Wang,NA
wang5859,Jie Wang,NA
wang6178,Shouwei Wang,NA
wang6467,Yingjie Wang,NA
wang7176,Zuoyi Wang,NA
wang7355,Huan Wang,NA
wang8677,Ruiqi Wang,NA
wang9155,Qiong Wang,NA
wang9382,Jie Wang,https://orcid.org/0000-0003-1572-9382
warren9522,Curtis R. Warren,NA
weckowska3583,D. Weckowska,https://orcid.org/0000-0002-8911-3583
wee1767,Josephine Wee,NA
weerawarna n.r.p.8813,Maheeka Weerawarna N.R.P.,NA
wei3677,Zhengxun Wei,NA
wei5550,Shu-Heng Wei,NA
weinberg8921,Evgeny Weinberg,https://orcid.org/0000-0002-8010-8921
weinrich3726,Ramona Weinrich,NA
weinrich7450,Ramona Weinrich,NA
weir6418,Michael J. Weir,NA
weiss1245,D. Weiss,NA
white4372,Gabriella White,NA
white5426,Eugene C. White,NA
wi1623,Ha-Yeon Wi,NA
wilks3763,Matti Wilks,https://orcid.org/0000-0003-3814-3763
willemen3313,Niels G. A. Willemen,https://orcid.org/0000-0003-1061-3313
winberg1045,Pia C. Winberg,NA
windhorst8232,Hans-Wilhelm Windhorst,NA
wirth4095,Sonia Alejandra Wirth,NA
wissotsky3118,G. Wissotsky,https://orcid.org/0000-0002-4490-017X
woi hon9878,Boo Woi Hon,NA
woll2246,Silvia Woll,https://orcid.org/0000-0003-0485-2246
wollschlaeger4327,Jannis O. Wollschlaeger,NA
won5089,So-Yeon Won,NA
won5579,Soyeon Won,https://orcid.org/0000-0003-3960-5579
wong0501,Nicole Min Yee Wong,NA
wong1271,Shou Wong,NA
wongsa8821,Chanyanut Wongsa,NA
wu4290,Di Wu,NA
wu4734,Zhongyuan Wu,NA
wu5778,Zhongyuan Wu,NA
wu7568,Jun Wu,NA
wu9990,Po-Ting Wu,NA
xiang0303,Ning Xiang,NA
xiang0738,Huan Xiang,NA
xiang2039,Wen Xiang,NA
xiang3877,Ning Xiang,NA
xiang6332,Ning Xiang,NA
xiang9515,Ning Xiang,NA
xiang9837,Ning Xiang,https://orcid.org/0000-0003-4623-9837
xie4257,Lianghua Xie,NA
xie4298,Lianghua Xie,NA
xin4511,Qipu Xin,NA
xin6723,Qipu Xin,NA
xiong6774,Wanli Xiong,NA
xu1568,Zhuoya Xu,https://orcid.org/0000-0002-4876-1568
xu5446,Enbo Xu,NA
xu7606,Enbo Xu,NA
yadav1314,Usha Yadav,NA
yadav9226,Chandra-Jit Yadav,NA
yamamoto2936,Takashi Yamamoto,https://orcid.org/0000-0003-0132-2936
yamanaka0846,Kumiko Yamanaka,NA
yamanaka5809,Kumiko Yamanaka,NA
yan0016,Xiaojun Yan,NA
yang0069,Tao Yang,NA
yang2958,Xin Yang,NA
yang3124,Ming Yang,NA
yang3174,Kai Yang,NA
yang3526,Baoru Yang,NA
yang4277,Qian Yang,NA
yang5009,Ming Yang,NA
yang5522,Xiao-Quan Yang,NA
yang8655,Liang Yang,NA
yang9162,Na Yang,NA
yang9634,Feng Yang,NA
yao5836,Ya Yao,NA
yao7096,Siyu Yao,https://orcid.org/0000-0002-5391-889X
yao7743,Yixuan Yao,NA
yap4408,Wee Swan Yap,https://orcid.org/0000-0002-2744-4408
yeo5662,Myung Yeo,NA
yin2775,Shou-Wei Yin,NA
yoneyama4995,Yosuke Yoneyama,NA
yoneyama9212,Yosuke Yoneyama,NA
yong4943,Hae In Yong,NA
yoo3540,Ki Hyun Yoo,https://orcid.org/0000-0003-1088-3540
yoon5575,Min Yoon,NA
yoon7489,Ji Won Yoon,https://orcid.org/0000-0002-0233-7489
yoshida4632,Azumi Yoshida,NA
yoshida5326,Azumi Yoshida,NA
you4942,Baihao You,NA
young3356,Jette Feveile Young,NA
yoxon1282,Barbara Yoxon,https://orcid.org/0000-0002-0810-1282
yu0919,Wei Yu,NA
yu1162,Qun-li YU,NA
yu2328,Jiashing Yu,https://orcid.org/0000-0002-0782-2328
yu3685,Hanry Yu,https://orcid.org/0000-0002-0339-3685
yu7492,Liangli Yu,NA
yu9986,In-Sun Yu,https://orcid.org/0000-0001-5610-9986
yu9986,In-sun Yu,https://orcid.org/0000-0001-5610-9986
yue7110,Yuan Yue,NA
yuen jr1654,John Se Kit Yuen Jr,https://orcid.org/0000-0001-9854-1654
yuen1654,John S.K. Yuen,https://orcid.org/0000-0001-9854-1654
yuen3036,John S. K. Yuen,NA
yuen5864,John SK Yuen,NA
yuen9025,John S. K. Yuen,NA
yun1977,Seung Hyeon Yun,NA
yun2835,Seung Hyeon Yun,NA
zabary2615,Yishaia Zabary,NA
zagury5688,Yedidya Zagury,NA
zainan nazri6658,Nurul Jannah Zainan Nazri,NA
zan6891,Linsen Zan,NA
zan9611,Linsen Zan,NA
zarei4586,Mohammad Zarei,NA
zarfati9179,Giulia Zarfati,NA
zaritsky2326,Assaf Zaritsky,NA
zaucke9354,Frank Zaucke,https://orcid.org/0000-0002-7680-9354
zeng6915,Shunjiang Zeng,NA
zeng6948,Xianjian Zeng,NA
zeng8332,Xinyue Zeng,NA
zeny4353,Giovanna Colin Zeny,NA
zernov6060,Anton Zernov,NA
zhang0154,Dagan Zhang,NA
zhang0317,Ryan Zhang,NA
zhang1738,Yuanyuan Zhang,NA
zhang2409,Wenhui Zhang,NA
zhang2605,Jinying Zhang,NA
zhang3110,Guoqiang Zhang,NA
zhang3456,Yue Zhang,NA
zhang3590,Sidun Zhang,NA
zhang4382,Guoqiang Zhang,NA
zhang4656,Yuchen Zhang,NA
zhang6037,Jun Zhang,https://orcid.org/0000-0001-5957-6037
zhang7273,Long-Tao Zhang,https://orcid.org/0000-0002-2539-7273
zhang7422,Xiaowei Zhang,NA
zhang7824,Junxuan Zhang,NA
zhang8260,Yu Yvette Zhang,NA
zhang8395,Kevin L. Zhang,NA
zhang8419,Ximing Zhang,NA
zhang8447,Ximing Zhang,NA
zhang8481,Kevin Lin Zhang,NA
zhang8791,Ximing Zhang,https://orcid.org/0000-0002-4889-8791
zhang8801,Sabrina W. Zhang,NA
zhang8928,Mingyue Zhang,NA
zhao7297,Xinrui Zhao,NA
zheng1825,Yan-Yan Zheng,NA
zheng4735,Yan-Yan Zheng,NA
zheng5797,Yan-Yan Zheng,NA
zheng6939,Yan-Yan Zheng,NA
zhi8960,Minglei Zhi,https://orcid.org/0000-0002-0609-869X
zhong4077,Zhihao Zhong,NA
zhou1065,Min Zhou,NA
zhou1280,Jingwen Zhou,NA
zhou1367,Jingwen Zhou,NA
zhou1526,Guanghong Zhou,NA
zhou1651,Yanbing Zhou,NA
zhou1812,Guang-Hong Zhou,NA
zhou2141,Guanghong Zhou,https://orcid.org/0000-0002-8960-2141
zhou3533,Guang-Hong Zhou,NA
zhou3669,Jingwen Zhou,NA
zhou3687,Fu-Zhen Zhou,NA
zhou3733,Jingwen Zhou,https://orcid.org/0000-0002-3949-3733
zhou3850,Yiyang Zhou,NA
zhou4409,Guanghong Zhou,NA
zhou4967,Bin Zhou,https://orcid.org/0000-0002-2839-4967
zhou5353,Yan Zhou,NA
zhou6181,Jingwen Zhou,NA
zhou6182,Yi Zhou,NA
zhou6268,Guang-Hong Zhou,NA
zhou7917,Guang-Hong Zhou,NA
zhou8722,Guanghong Zhou,NA
zhou9835,Weibiao Zhou,https://orcid.org/0000-0002-4990-9835
zhu0608,Jie Zhu,NA
zhu1435,Jian-Hua Zhu,NA
zhu3143,Jiahao Zhu,NA
zhu4164,Hao-Zhe Zhu,NA
zhu4466,Qianqian Zhu,NA
zhu4726,Jie Zhu,NA
zhu5068,Hao-Zhe Zhu,NA
zhu5528,Yuyan Zhu,NA
zhu6167,Yuyan Zhu,https://orcid.org/0000-0002-2928-6167
zhu7918,Haozhe Zhu,NA
zhu8330,Gaoxiang Zhu,NA
zhuang5315,Di Zhuang,NA
zhuge1669,Wantao Zhuge,NA
zhuge8525,Wantao Zhuge,NA
ziegler2082,Gregory R. Ziegler,https://orcid.org/0000-0002-3881-649X
zimmerman0093,John F. Zimmerman,NA
zivotofsky5961,Ari Z. Zivotofsky,NA
zou5891,Yin Zou,NA
özçelik2655,Ayşe Özfer Özçelik,NA
